Noise,True_V,Primary_V,Winner,Rg_meas,Yg100,Yg210,Ym210,V_all
-597.0505701832946,0.003999999999999999,-0.049618824642001416,Nearest_Fallback,5.110498279100326,271.59241351186085,-3979.9947434283513,4198.235632997436,[-0.049618824642001416]
-597.0505701832946,0.004642958796619732,,Nearest_Fallback,5.184469878771569,751.7539872351234,971.6481481442288,11596.30335018351,[nan]
-597.0505701832946,0.005333814331877817,,Nearest_Fallback,5.138068768390939,123.09166135682965,-10279.642149690888,5520.163078766778,[nan]
-597.0505701832946,0.006072566605774254,0.02226857337422271,Unique_Solution,5.218212388326921,565.5967382175093,10.766293764626917,8361.102135958618,[0.02226857337422271]
-597.0505701832946,0.006859215618309043,0.06383880749213312,Consensus_Selection,5.281430196131138,631.2015923224905,220.49056035907077,4806.527505263774,"[0.06383880749213312, 0.26051319157907]"
-597.0505701832946,0.007693761369482185,0.21835823996203305,Nearest_Fallback,5.301983877230713,656.9837133877071,483.44106578442563,6230.35462420038,[0.21835823996203305]
-597.0505701832946,0.008576203859293679,-0.04342454803759871,Nearest_Fallback,5.336575196153638,299.03130763980784,-3851.589538489631,6371.886300511927,[-0.04342454803759871]
-597.0505701832946,0.009506543087743522,,Nearest_Fallback,5.370089067169233,717.9368700210043,480.7541126709618,-5837.784351994502,[nan]
-597.0505701832946,0.010484779054831722,,Nearest_Fallback,5.368356616396887,958.4587285616362,1321.7150221176403,3591.284877799927,[nan]
-597.0505701832946,0.01151091176055827,-0.02558007673213259,Nearest_Fallback,5.405475594282673,377.00904382593916,-2168.7386553889905,4400.786922212999,[-0.02558007673213259]
-597.0505701832946,0.012584941204923174,,Nearest_Fallback,5.409090608116525,761.6387741892636,1122.1368944963747,3420.457548906634,[nan]
-597.0505701832946,0.01370686738792643,-0.004254691211942924,Nearest_Fallback,5.490458658566745,470.2027138728169,-560.0695823806731,3898.2506859168866,[-0.004254691211942924]
-597.0505701832946,0.014876690309568036,,Nearest_Fallback,5.51502521095812,245.2413902635978,-4448.434534643973,86745.11889376522,[nan]
-597.0505701832946,0.01609440996984799,0.06163930261569064,Consensus_Selection,5.534240890923684,629.6419636717968,283.78783652770306,4892.549517866064,"[0.06163930261569064, 0.2707076049235117]"
-597.0505701832946,0.017360026368766306,-0.017289745044156618,Nearest_Fallback,5.574668881334741,413.488209918984,-1538.8987967109495,3824.1937786562144,[-0.017289745044156618]
-597.0505701832946,0.018673539506322973,,Nearest_Fallback,5.607448378239582,45.820413718052286,-38671.62731226836,3750.9998881604092,[nan]
-597.0505701832946,0.02003494938251798,-0.03623835929236803,Nearest_Fallback,5.644769094645978,330.94831013743897,-2797.562330547532,4074.482732563359,[-0.03623835929236803]
-597.0505701832946,0.02144425599735135,,Nearest_Fallback,5.711306396307555,684.7551966409759,157.41768819448396,3120.4853366957054,[nan]
-597.0505701832946,0.022901459350823064,0.03532627513285337,Unique_Solution,5.716051504018755,595.5482796715007,227.54464690769,1009.0207680992728,[0.03532627513285337]
-597.0505701832946,0.024406559442933143,0.028506803497820025,Unique_Solution,5.77973946021976,580.59441524428,-87.81470425260768,3554.7494879153023,[0.028506803497820025]
-597.0505701832946,0.025959556273681562,-0.030256669056678193,Nearest_Fallback,5.8099216844889305,357.3479887690691,-2000.2066866827636,6616.785926678688,[-0.030256669056678193]
-597.0505701832946,0.02756044984306834,0.008545362521903884,Unique_Solution,5.874762290371406,523.7933100100923,-186.28260072768015,-4274.444255229138,[0.008545362521903884]
-597.0505701832946,0.029209240151093475,0.06566155590381892,Consensus_Selection,5.935764372818019,634.0224335612086,150.92332488726996,204.62815971993936,"[0.06566155590381892, 0.25201440027676497]"
-597.0505701832946,0.030905927197756953,0.007860442240020369,Unique_Solution,5.983567838932406,521.358924719147,-347.92009718123734,4804.233247967574,[0.007860442240020369]
-597.0505701832946,0.03265051098305878,,Nearest_Fallback,6.054921158059239,772.5200635194302,820.7770555258915,3292.3909112358697,[nan]
-597.0505701832946,0.03444299150699897,0.0005305925000572472,Nearest_Fallback,6.093148391163103,492.1852908228968,-649.8682052042127,3561.514315037666,[0.0005305925000572472]
-597.0505701832946,0.0362833687695775,0.04307341991928661,Unique_Solution,6.174863614126798,608.4549209618261,-50.265149939033925,9346.320794661875,[0.04307341991928661]
-597.0505701832946,0.0381716427707944,,Nearest_Fallback,6.207236513241131,733.6902201403151,609.0317275331718,5775.360053095975,[nan]
-597.0505701832946,0.04010781351064963,0.18343347885210484,Nearest_Fallback,6.27759002239022,662.149495573257,5.135633644767746,2777.247305052295,[0.18343347885210484]
-597.0505701832946,0.04209188098914323,0.018658220919383284,Unique_Solution,6.325564683578093,557.1919221271278,-258.6925629478317,4923.905430531772,[0.018658220919383284]
-597.0505701832946,0.044123845206275186,-0.026887634549712654,Nearest_Fallback,6.3865236820374145,373.1039425028537,-2107.82803583913,5661.83130666388,[-0.026887634549712654]
-597.0505701832946,0.04620370616204548,0.003909367579661934,Unique_Solution,6.438477979503856,507.2907881431115,-715.116952888223,4339.046677088045,[0.003909367579661934]
-597.0505701832946,0.04833146385645412,,Nearest_Fallback,6.521458356680161,746.6555625407607,511.9765081646216,5599.2566564706185,[nan]
-597.0505701832946,0.050507118289501135,0.022891904994650134,Unique_Solution,6.591829604141776,569.3697715758145,-348.5872855633954,3462.7215120272144,[0.022891904994650134]
-597.0505701832946,0.05273066946118648,0.007547455622790088,Unique_Solution,6.657346438506972,520.9564056675855,-498.3401218094074,4700.005185965332,[0.007547455622790088]
-597.0505701832946,0.05500211737151018,0.009433095253843062,Unique_Solution,6.719804634958672,527.9517482893671,-869.1601777916808,5205.79091689353,[0.009433095253843062]
-597.0505701832946,0.05732146202047223,0.15980036798103842,Nearest_Fallback,6.78503471217354,657.2593833323803,54.21747739046653,6130.9815395369615,[0.15980036798103842]
-597.0505701832946,0.05968870340807267,-0.0024138443209100763,Nearest_Fallback,6.859695649217753,480.74541447649165,-958.4283522571836,3370.384544603045,[-0.0024138443209100763]
-597.0505701832946,0.06210384153431142,0.01313024540519369,Unique_Solution,6.9348614405543305,541.8372730490742,-335.4215570734648,3984.4057610616483,[0.01313024540519369]
-597.0505701832946,0.06456687639918854,,Nearest_Fallback,6.999580724256259,782.5534847971851,410.46093498498095,3830.793370682197,[nan]
-597.0505701832946,0.067077808002704,0.008764014164106501,Unique_Solution,7.073599046844262,526.8357804481484,-802.9986206043064,4823.9070905654135,[0.008764014164106501]
-597.0505701832946,0.06963663634485784,,Nearest_Fallback,7.151948764508237,684.7691107047674,295.12025009745366,8973.886832658347,[nan]
-597.0505701832946,0.07224336142565002,,Nearest_Fallback,7.227785196118493,697.6205011707775,214.43058029679824,4515.685402007281,[nan]
-597.0505701832946,0.07489798324508051,0.25063973161265574,Consensus_Selection,7.288468822751379,637.138020011862,-183.6778392572241,2434.4898551900696,"[0.25063973161265574, 0.06685763293292171]"
-597.0505701832946,0.07760050180314944,,Nearest_Fallback,7.3775788227471315,863.1098677045858,684.4951925125075,3187.2985337409727,[nan]
-597.0505701832946,0.08035091709985664,0.005762104531002382,Unique_Solution,7.434806026005528,516.7454550557427,-976.6722412125346,4344.3010998007385,[0.005762104531002382]
-597.0505701832946,0.0831492291352022,,Nearest_Fallback,7.526688787348264,786.9515505039622,415.71961564590464,4049.6269024628104,[nan]
-597.0505701832946,0.08599543790918614,0.13779686095814062,Consensus_Selection,7.606646574040867,655.6460821824363,-172.3823496722128,4279.052919959416,"[0.13779686095814062, 0.1326511934824793]"
-597.0505701832946,0.08888954342180844,0.016107739288887746,Unique_Solution,7.693445118999955,551.945007526187,-621.3730117144236,3624.1267096604374,[0.016107739288887746]
-597.0505701832946,0.09183154567306907,,Nearest_Fallback,7.776727635288207,734.6713311739444,372.001104096694,3765.771821662919,[nan]
-597.0505701832946,0.09482144466296805,0.03412218843859013,Unique_Solution,7.859913770520209,596.5234792582565,-307.86331788170963,3494.125110236432,[0.03412218843859013]
-597.0505701832946,0.0978592403915054,,Nearest_Fallback,7.947266523797814,725.3524752176269,281.5277728402588,2745.7368383481194,[nan]
-597.0505701832946,0.10094493285868106,0.02544640341846116,Unique_Solution,8.030664330740947,577.5442595217518,-423.18004532058825,2733.714878744651,[0.02544640341846116]
-597.0505701832946,0.10407852206449512,0.028049095418193202,Unique_Solution,8.128152826134441,583.5224757472286,-410.85018715528145,3896.4216998980683,[0.028049095418193202]
-597.0505701832946,0.10726000800894753,,Nearest_Fallback,8.209682815187819,710.5124431688321,286.4089561366025,3096.3480400506296,[nan]
-597.0505701832946,0.11048939069203828,,Nearest_Fallback,8.313279024999726,700.6193416137329,44.5561694002368,689.7623014875495,[nan]
-597.0505701832946,0.1137666701137674,0.22976593474151089,Consensus_Selection,8.386357417735384,643.9408370582806,-146.55010475808464,3668.115661178759,"[0.22976593474151089, 0.07558231424310101]"
-597.0505701832946,0.11709184627413487,,Nearest_Fallback,8.493533518731747,737.1087628931995,287.68642086763776,4894.804689239668,[nan]
-597.0505701832946,0.12046491917314069,,Nearest_Fallback,8.580747852847006,737.1415211628081,162.939306021952,3395.8290766914483,[nan]
-597.0505701832946,0.12388588881078477,0.04577042770314774,Unique_Solution,8.679564945148453,617.3483220131449,-304.78876050392756,3901.354327615636,[0.04577042770314774]
-597.0505701832946,0.12735475518706738,,Nearest_Fallback,8.778013755324876,728.9361751377011,254.33917627250898,1069.0706644608501,[nan]
-597.0505701832946,0.13087151830198818,,Nearest_Fallback,8.871462598316516,725.7792299001892,300.5566128774592,2289.9313366180713,[nan]
-597.0505701832946,0.1344361781555474,0.03807346168331709,Unique_Solution,8.972815921426342,605.2903330371015,-451.8757601059139,-1258.4217535670805,[0.03807346168331709]
-597.0505701832946,0.13804873474774498,0.19874142410013867,Consensus_Selection,9.065174229666132,651.5264013023111,-198.36726510378114,3209.357567768582,"[0.19874142410013867, 0.08630809584894075]"
-597.0505701832946,0.1417091880785809,0.042279782606232566,Unique_Solution,9.173468305264295,612.3514817638738,-307.06751612521686,3180.940082226657,[0.042279782606232566]
-597.0505701832946,0.1454175381480552,0.06702688156731541,Consensus_Selection,9.270051192190596,641.0761205942945,-47.74481694376138,7965.363014318569,"[0.06702688156731541, 0.2559687779652925]"
-597.0505701832946,0.14917378495616782,0.29418172114381014,Consensus_Selection,9.371710016386047,633.8391841790964,-142.69118491395233,4076.89727070837,"[0.29418172114381014, 0.05946454005314706]"
-597.0505701832946,0.1529779285029188,0.28417791938421877,Consensus_Selection,9.471120457634822,636.0750861031013,-172.3557605958388,696.4374891804556,"[0.28417791938421877, 0.061535014952547436]"
-597.0505701832946,0.15682996878830807,0.2518328112923548,Consensus_Selection,9.579041030217342,642.7508383295128,-205.93626939244615,3007.513267129854,"[0.2518328112923548, 0.06858703752617959]"
-597.0505701832946,0.16072990581233576,0.2131630229404786,Consensus_Selection,9.693049829479513,650.5587994689059,-99.73952485924988,3935.6491781048517,"[0.2131630229404786, 0.08164811885290865]"
-597.0505701832946,0.1646777395750018,,Nearest_Fallback,9.793134834303572,706.5399795305583,137.6394647286066,4849.70545963773,[nan]
-597.0505701832946,0.1686734700763062,0.2791449251323952,Consensus_Selection,9.914270850552391,638.3463477745464,-182.40969561938812,3470.9141730897204,"[0.2791449251323952, 0.06268680925226723]"
-597.0505701832946,0.17271709731624887,,Nearest_Fallback,10.01790719834434,688.8983758226877,70.47240365711589,-398.49281498062976,[nan]
-597.0505701832946,0.17680862129483005,0.22518806626446836,Consensus_Selection,10.135431114999564,649.5963874195334,-69.2798127599044,2937.722749012434,"[0.22518806626446836, 0.07828132273321174]"
-597.0505701832946,0.1809480420120495,0.09474913033734345,Nearest_Fallback,10.248386337295582,668.859324664939,-54.434208607292206,6137.371275628931,[0.09474913033734345]
-597.0505701832946,0.1851353594679072,0.29384465415175115,Consensus_Selection,10.357384347025588,636.7508972926566,-166.94224664599628,1721.6092579597696,"[0.29384465415175115, 0.06001206728949502]"
-597.0505701832946,0.1893705736624034,0.13377780552582985,Nearest_Fallback,10.47268548291145,665.8003913318762,-14.885444572654226,2824.5607923915654,[0.13377780552582985]
-597.0505701832946,0.1936536845955379,,Nearest_Fallback,10.606748571317267,708.410826122701,105.75997135844213,-2133.892160042976,[nan]
-597.0505701832946,0.19798469226731075,0.20561970440274002,Consensus_Selection,10.715981526043407,654.9366475327475,-141.70779770309073,5273.750581903041,"[0.20561970440274002, 0.08594341702766968]"
-597.0505701832946,0.20236359667772197,0.25200289962425537,Consensus_Selection,10.837747500585841,646.4632708903728,-145.12421135701942,-7718.960470997299,"[0.25200289962425537, 0.07076982863659127]"
-597.0505701832946,0.20679039782677155,0.26750672029978,Consensus_Selection,10.9595484630198,643.7676605899442,-135.06226837057588,5097.03147707183,"[0.26750672029978, 0.06564573920597067]"
-597.0505701832946,0.21126509571445948,0.10455083625977127,Consensus_Selection,11.090031066547443,661.7318030842308,-28.200139973409346,711.7877563516264,"[0.10455083625977127, 0.1694730316361076]"
-597.0505701832946,0.21578769034078563,0.22521895246842885,Consensus_Selection,11.226652036546028,652.8957912845045,-98.29004442920954,35570.42099693248,"[0.22521895246842885, 0.08004936001325048]"
-597.0505701832946,0.22035818170575036,0.3524186054752543,Consensus_Selection,11.306486512514239,628.8574791726558,-228.18970924783898,5378.752050405071,"[0.3524186054752543, 0.050293986568680595]"
-597.0505701832946,0.22497656980935324,0.2541661584948177,Consensus_Selection,11.43673244018086,647.8945929527428,-102.34436801026425,2365.1568170485975,"[0.2541661584948177, 0.07029096837092084]"
-597.0505701832946,0.22964285465159456,0.08545965320787914,Consensus_Selection,11.566924386811658,657.033540760211,-42.41535012444757,14759.475750541507,"[0.08545965320787914, 0.20853578353726482]"
-597.0505701832946,0.23435703623247425,0.07932264431991293,Consensus_Selection,11.702227748957746,653.9254609706894,-54.389672301882904,1938.5798794874347,"[0.07932264431991293, 0.22766894392066955]"
-597.0505701832946,0.23911911455199228,0.3118125728841477,Consensus_Selection,11.836657370662051,637.8622123413058,-110.73318985170744,1936.4263767716507,"[0.3118125728841477, 0.05826490231687668]"
-597.0505701832946,0.24392908961014867,0.11078228085307351,Consensus_Selection,11.975464327867405,665.3742021859287,-11.331915015271496,2738.1733253455773,"[0.11078228085307351, 0.16038746588781835]"
-597.0505701832946,0.24878696140694342,0.1357015897000479,Nearest_Fallback,12.108939820414617,667.8153158293723,5.267704554941299,-2981.789255018014,[0.1357015897000479]
-597.0505701832946,0.2536927299423765,0.03885838825520285,Unique_Solution,12.244280234336705,613.831565119225,-241.9259851737772,2677.5328596030113,[0.03885838825520285]
-597.0505701832946,0.25864639521644783,0.3296051279181302,Consensus_Selection,12.387257689061077,636.2611556752237,-165.8160185872543,1650.5247225893563,"[0.3296051279181302, 0.0554101807862158]"
-597.0505701832946,0.2636479572291576,0.11845627999782216,Nearest_Fallback,12.531273193919324,671.2655618770974,11.872881175115772,2716.5994174561147,[0.11845627999782216]
-597.0505701832946,0.2686974159805058,0.06686294860077581,Consensus_Selection,12.685444698404705,648.7110332727663,-63.85031843552674,-34262.665795514986,"[0.06686294860077581, 0.2709790629237833]"
-597.0505701832946,0.2737947714704923,0.2148621154362935,Consensus_Selection,12.82625552466418,660.0849291548515,-56.8736932254749,1502.306405131861,"[0.2148621154362935, 0.08458607505051743]"
-597.0505701832946,0.278940023699117,0.3160245643565725,Consensus_Selection,12.976348269351782,640.8762016687742,-85.85124406937202,6782.846296484401,"[0.3160245643565725, 0.05830216391305247]"
-597.0505701832946,0.28413317266638033,0.3163672799837541,Consensus_Selection,13.131127138308093,641.3458430745242,-98.63689143249306,4441.094813705408,"[0.3163672799837541, 0.058281485494541346]"
-597.0505701832946,0.2893742183722819,0.32291500396159406,Consensus_Selection,13.279574065249578,640.6014385159751,-107.2767895321165,-17319.008221761622,"[0.32291500396159406, 0.057136223578500164]"
-597.0505701832946,0.2946631608168217,0.3172673845841663,Consensus_Selection,13.436194709015199,642.2242197310179,-113.84099212254661,2213.658675112152,"[0.3172673845841663, 0.058277852844442694]"
-597.0505701832946,0.29999999999999993,0.04231305961106565,Unique_Solution,13.590486524545446,622.6021917571296,-191.22074861880287,2233.413548503972,[0.04231305961106565]
-1888.0396800814256,0.003999999999999999,0.006354726815413523,Unique_Solution,5.16017198212745,514.2139412277742,-196.25076189980584,4370.7874693040885,[0.006354726815413523]
-1888.0396800814256,0.004642958796619732,-0.035779732911142045,Nearest_Fallback,5.153418814147043,332.04793933761704,-1914.5313792702168,4193.919068938112,[-0.035779732911142045]
-1888.0396800814256,0.005333814331877817,-0.04244148585687536,Nearest_Fallback,5.1526412558999946,302.9828051078492,-2310.610844964324,3810.2133621960947,[-0.04244148585687536]
-1888.0396800814256,0.006072566605774254,0.021402129534027144,Unique_Solution,5.233886689776081,563.5859471471615,-42.563604781610216,5087.044982467591,[0.021402129534027144]
-1888.0396800814256,0.006859215618309043,0.06310224319862287,Consensus_Selection,5.211237838036899,630.3441540615852,748.7300330079422,4773.547138209857,"[0.06310224319862287, 0.26427026672228326]"
-1888.0396800814256,0.007693761369482185,0.006513725744773084,Unique_Solution,5.247642731744112,514.97929997578,-123.52389693943006,2055.675687794237,[0.006513725744773084]
-1888.0396800814256,0.008576203859293679,0.04963503996397078,Consensus_Selection,5.273720832480235,617.0212199893415,616.7044071158845,4484.906241780693,"[0.04963503996397078, 0.33609517926940474]"
-1888.0396800814256,0.009506543087743522,0.021718529193218733,Unique_Solution,5.326660204200227,564.4083413874876,190.6453734420046,5866.999259065583,[0.021718529193218733]
-1888.0396800814256,0.010484779054831722,-0.004469548604376039,Nearest_Fallback,5.353682030902299,469.01445929348995,-522.9931134214729,8368.28696188186,[-0.004469548604376039]
-1888.0396800814256,0.01151091176055827,,Nearest_Fallback,5.3752340933477845,674.9014213376681,601.9164389870858,9552.50702499626,[nan]
-1888.0396800814256,0.012584941204923174,0.06608870550354078,Consensus_Selection,5.420053551469597,633.651702700892,431.84857972227377,5012.012972405118,"[0.06608870550354078, 0.2492373231953338]"
-1888.0396800814256,0.01370686738792643,0.21899983468750264,Nearest_Fallback,5.4659372188321385,658.7417399442221,504.9375831094917,-179269.9855392847,[0.21899983468750264]
-1888.0396800814256,0.014876690309568036,0.06235092452312252,Consensus_Selection,5.503553923289435,630.2811007998567,368.5823498014139,-1431.5561272164152,"[0.06235092452312252, 0.2671401236948862]"
-1888.0396800814256,0.01609440996984799,0.08310945439708838,Consensus_Selection,5.562421439837226,643.86926672763,120.71020205121893,3730.429226525712,"[0.08310945439708838, 0.19755928864380323]"
-1888.0396800814256,0.017360026368766306,0.0550497170674199,Consensus_Selection,5.577034254782475,623.0191062996939,158.97634724919186,1923.768920134284,"[0.0550497170674199, 0.30542619748156635]"
-1888.0396800814256,0.018673539506322973,0.027576239705036112,Unique_Solution,5.604368342908514,578.1340708707397,15.285825428765184,3962.6020294555774,[0.027576239705036112]
-1888.0396800814256,0.02003494938251798,0.024758896427710918,Unique_Solution,5.656187849810181,571.6562909005515,-43.96006260293745,4378.846420107164,[0.024758896427710918]
-1888.0396800814256,0.02144425599735135,0.044227417758869556,Unique_Solution,5.7247396874932805,609.6633890622355,48.40692342543283,-8934.66664614193,[0.044227417758869556]
-1888.0396800814256,0.022901459350823064,0.013141918846967216,Unique_Solution,5.742599107626777,539.3242018095814,-348.7243242013071,4206.634024538609,[0.013141918846967216]
-1888.0396800814256,0.024406559442933143,,Nearest_Fallback,5.7990941509577665,673.2950172297482,360.8015329720039,2926.550735019961,[nan]
-1888.0396800814256,0.025959556273681562,-0.004296664054004071,Nearest_Fallback,5.8478807342539225,470.6751928714716,-722.3698779082806,5607.803646094081,[-0.004296664054004071]
-1888.0396800814256,0.02756044984306834,,Nearest_Fallback,5.889263564853131,802.1740199533432,741.1144018620661,-638.6509523799652,[nan]
-1888.0396800814256,0.029209240151093475,,Nearest_Fallback,5.951302365106588,679.7202896956566,307.7139225850655,3247.393097443661,[nan]
-1888.0396800814256,0.030905927197756953,-0.00032705811545894695,Nearest_Fallback,5.98948748238131,488.2534181751395,-875.8106237216118,3693.3699071085503,[-0.00032705811545894695]
-1888.0396800814256,0.03265051098305878,0.17186733768371676,Nearest_Fallback,6.04642018995881,663.5428811635841,209.21732791519617,4338.975021975241,[0.17186733768371676]
-1888.0396800814256,0.03444299150699897,,Nearest_Fallback,6.1038469383597596,686.2987238373664,433.06596119163663,3119.3866527198347,[nan]
-1888.0396800814256,0.0362833687695775,,Nearest_Fallback,6.159946796250855,672.1242756029225,115.44315611668387,6676.665957419146,[nan]
-1888.0396800814256,0.0381716427707944,,Nearest_Fallback,6.21175714735159,727.9018445987782,542.056011728377,4539.880450037051,[nan]
-1888.0396800814256,0.04010781351064963,0.038177932914732635,Unique_Solution,6.275479190213891,600.2474040337006,-27.98862950086322,4361.38531395955,[0.038177932914732635]
-1888.0396800814256,0.04209188098914323,0.058180453922758744,Consensus_Selection,6.327994892123839,627.3520068835751,-78.41086421140974,9498.860179606903,"[0.058180453922758744, 0.29022002191923313]"
-1888.0396800814256,0.044123845206275186,-0.008992094057980767,Nearest_Fallback,6.3919098161937375,451.18798165850376,-1151.049717875747,3137.049875040466,[-0.008992094057980767]
-1888.0396800814256,0.04620370616204548,0.0478312659628982,Unique_Solution,6.450635988688467,616.2050650443747,-21.23621948046607,2729.985094076543,[0.0478312659628982]
-1888.0396800814256,0.04833146385645412,0.038986722376889736,Unique_Solution,6.520211537272562,601.7214163227841,-356.6086751909216,3969.1999584198647,[0.038986722376889736]
-1888.0396800814256,0.050507118289501135,,Nearest_Fallback,6.574660493846338,766.9705761416985,505.53972340690416,4602.8529265071,[nan]
-1888.0396800814256,0.05273066946118648,0.16701250548874758,Nearest_Fallback,6.645106922799807,657.4285174295849,164.566919114908,5357.673433688111,[0.16701250548874758]
-1888.0396800814256,0.05500211737151018,,Nearest_Fallback,6.712803955724256,706.9989854166039,392.9483529790128,9603.778707801011,[nan]
-1888.0396800814256,0.05732146202047223,0.029115239906587802,Unique_Solution,6.783622315895972,584.1951068303375,-249.57346108243863,-3766.6777946732595,[0.029115239906587802]
-1888.0396800814256,0.05968870340807267,0.05907305110469857,Nearest_Fallback,6.849335486073298,668.4771960468133,50.78769406506461,657.9266167963242,[0.05907305110469857]
-1888.0396800814256,0.06210384153431142,0.03595643542624677,Unique_Solution,6.921958185314518,597.5932308171847,-190.71731837980082,2708.5842195860737,[0.03595643542624677]
-1888.0396800814256,0.06456687639918854,,Nearest_Fallback,6.9935586069256175,703.3123464165404,286.1357376413509,3517.0757099569714,[nan]
-1888.0396800814256,0.067077808002704,,Nearest_Fallback,7.070251846777672,766.4139384236369,524.4663656855605,166808.18499672157,[nan]
-1888.0396800814256,0.06963663634485784,,Nearest_Fallback,7.138918583441177,767.3249397549112,460.199945762075,485.40456160901874,[nan]
-1888.0396800814256,0.07224336142565002,,Nearest_Fallback,7.220226525184728,737.7532020332463,298.6253798730606,3116.8694813800034,[nan]
-1888.0396800814256,0.07489798324508051,0.013797852781198088,Unique_Solution,7.299471011940846,544.3243886983332,-694.8710281337301,3421.934744119232,[0.013797852781198088]
-1888.0396800814256,0.07760050180314944,0.29220757641379236,Consensus_Selection,7.3752617502598286,629.2012650198751,-134.83529539550307,5704.902381244733,"[0.29220757641379236, 0.058806138824226785]"
-1888.0396800814256,0.08035091709985664,0.0430009318159463,Unique_Solution,7.456512611802242,610.6651294702218,-157.7684037218831,4065.5758261730894,[0.0430009318159463]
-1888.0396800814256,0.0831492291352022,,Nearest_Fallback,7.537223409239557,682.7699172866052,61.53103071046518,4202.0073874006475,[nan]
-1888.0396800814256,0.08599543790918614,0.31443927778904474,Consensus_Selection,7.617706849681762,625.4966093452496,-171.2246158658003,3964.7530270810576,"[0.31443927778904474, 0.05439886746452979]"
-1888.0396800814256,0.08888954342180844,,Nearest_Fallback,7.694925690719084,697.8027646003633,121.16650098802249,-1411.1448003239257,[nan]
-1888.0396800814256,0.09183154567306907,0.03572419097654181,Unique_Solution,7.769093254090884,599.5623286087571,-381.62755898867175,1878.3226913859737,[0.03572419097654181]
-1888.0396800814256,0.09482144466296805,,Nearest_Fallback,7.858923517880428,710.0135566360816,216.04090634915408,3124.2336629309516,[nan]
-1888.0396800814256,0.0978592403915054,0.13679196055096662,Nearest_Fallback,7.947821403397677,658.3110337582707,-87.34711503115598,4708.452588740583,[0.13679196055096662]
-1888.0396800814256,0.10094493285868106,0.2681304512624271,Consensus_Selection,8.041100698244232,635.4744513800098,-213.56758112601926,4690.774189421378,"[0.2681304512624271, 0.06326642810989869]"
-1888.0396800814256,0.10407852206449512,,Nearest_Fallback,8.124214699354832,695.5804287459016,158.57157664460792,3531.7597475251464,[nan]
-1888.0396800814256,0.10726000800894753,0.04212607163775859,Unique_Solution,8.208554396773538,610.6061232041112,-202.9195393451301,41556.34287461342,[0.04212607163775859]
-1888.0396800814256,0.11048939069203828,0.15425544276711595,Consensus_Selection,8.308055767894627,655.8256093092156,-73.67747321742067,2332.9613952517093,"[0.15425544276711595, 0.10825352625706423]"
-1888.0396800814256,0.1137666701137674,0.13646756130410084,Nearest_Fallback,8.393351767201068,659.1865349726569,-99.84073245902022,2104.4905421167064,[0.13646756130410084]
-1888.0396800814256,0.11709184627413487,0.02638446054771056,Unique_Solution,8.493287880009937,579.8876033283975,-402.05060973412225,4593.964269508669,[0.02638446054771056]
-1888.0396800814256,0.12046491917314069,,Nearest_Fallback,8.57896870083351,682.9223318391693,62.56346303770458,5019.924375317731,[nan]
-1888.0396800814256,0.12388588881078477,,Nearest_Fallback,8.67750898436185,680.098292426578,28.156122877138703,3261.6877098542395,[nan]
-1888.0396800814256,0.12735475518706738,,Nearest_Fallback,8.780519515036323,674.5706307390902,7.9541984764847875,4685.772155842238,[nan]
-1888.0396800814256,0.13087151830198818,0.2066307677936857,Consensus_Selection,8.866429832039826,649.5183472716092,-114.08965062043671,3385.4247576743032,"[0.2066307677936857, 0.08352483826489539]"
-1888.0396800814256,0.1344361781555474,,Nearest_Fallback,8.965499785594773,685.5369903501461,84.05106635224064,1759.7577951205778,[nan]
-1888.0396800814256,0.13804873474774498,,Nearest_Fallback,9.063427377041082,706.4427552056788,173.93279911345502,4489.931185915227,[nan]
-1888.0396800814256,0.1417091880785809,0.2277834239390508,Consensus_Selection,9.167394536650598,646.3602177152117,-123.430646625087,4174.921755342978,"[0.2277834239390508, 0.0767394133360005]"
-1888.0396800814256,0.1454175381480552,,Nearest_Fallback,9.266072306224137,710.2705307882594,173.6813723737924,2543.159795895968,[nan]
-1888.0396800814256,0.14917378495616782,,Nearest_Fallback,9.375471901008826,685.0718143309372,45.91669509191032,2621.385798311045,[nan]
-1888.0396800814256,0.1529779285029188,,Nearest_Fallback,9.479873041140712,706.9754141916859,123.0326802244144,15334.907157978978,[nan]
-1888.0396800814256,0.15682996878830807,0.262724512804438,Consensus_Selection,9.579248654892293,640.5885830452578,-134.02950813039354,3808.7905881414163,"[0.262724512804438, 0.06578319798198007]"
-1888.0396800814256,0.16072990581233576,0.25652389664350966,Consensus_Selection,9.686182088900308,642.1361304208956,-189.28167531878134,2740.2370935334793,"[0.25652389664350966, 0.0671982166826579]"
-1888.0396800814256,0.1646777395750018,0.28095721482777175,Consensus_Selection,9.800865340920032,637.6588738601179,-193.57091820880157,4022.786497333046,"[0.28095721482777175, 0.06233576767672066]"
-1888.0396800814256,0.1686734700763062,,Nearest_Fallback,9.906526995318243,676.1492628837487,31.27946959047913,3825.980340319164,[nan]
-1888.0396800814256,0.17271709731624887,0.23506426745307368,Consensus_Selection,10.015825743204287,647.3724216211438,-140.47370705096944,12008.223636543884,"[0.23506426745307368, 0.07493880682288243]"
-1888.0396800814256,0.17680862129483005,-0.020064882881938417,Nearest_Fallback,10.134342163123918,673.1457839615193,24.946489428021028,1837.5951721159825,[-0.020064882881938417]
-1888.0396800814256,0.1809480420120495,,Nearest_Fallback,10.245789636320188,679.6606180756844,-4.4592035409937605,4836.904153140772,[nan]
-1888.0396800814256,0.1851353594679072,,Nearest_Fallback,10.366007568364953,678.409924953648,25.071454961332485,4465.060973225202,[nan]
-1888.0396800814256,0.1893705736624034,0.29765578546666116,Consensus_Selection,10.47634357167735,636.3578451004896,-158.5835405755744,416.38702232185534,"[0.29765578546666116, 0.05935975819532253]"
-1888.0396800814256,0.1936536845955379,0.13338716249740895,Nearest_Fallback,10.600085038396568,666.084661120155,-43.45092573845703,2518.875322992877,[0.13338716249740895]
-1888.0396800814256,0.19798469226731075,0.3212240788006647,Consensus_Selection,10.719311837464526,632.5438539896771,-202.85885636221622,4099.4426779675805,"[0.3212240788006647, 0.05510991271887591]"
-1888.0396800814256,0.20236359667772197,,Nearest_Fallback,10.842030258070244,687.272269415375,34.340188846621025,2959.748233671254,[nan]
-1888.0396800814256,0.20679039782677155,0.2124781059205082,Consensus_Selection,10.967082519316795,654.4473162317433,-79.44857789260016,5657.955120406313,"[0.2124781059205082, 0.08392700939578487]"
-1888.0396800814256,0.21126509571445948,0.1796000784467294,Consensus_Selection,11.09027560033048,660.2778899792239,-65.52070821904064,-3611.8859433022303,"[0.1796000784467294, 0.09915021601535122]"
-1888.0396800814256,0.21578769034078563,0.09749602920190627,Consensus_Selection,11.182740261298916,660.0373943840015,-57.02125987697407,201.59972472589666,"[0.09749602920190627, 0.18315459004782214]"
-1888.0396800814256,0.22035818170575036,0.20267737773353084,Consensus_Selection,11.313567539431288,657.3085382290236,-70.32601157441394,2234.9665301086166,"[0.20267737773353084, 0.08731667737530327]"
-1888.0396800814256,0.22497656980935324,0.08976012887954465,Consensus_Selection,11.439422753851854,658.4736102868982,-41.19705246789293,3259.1314062766724,"[0.08976012887954465, 0.19850346738978972]"
-1888.0396800814256,0.22964285465159456,0.254438931605425,Consensus_Selection,11.569286829705618,648.2745935775775,-105.22672457081153,2521.318022063415,"[0.254438931605425, 0.07027844226577375]"
-1888.0396800814256,0.23435703623247425,0.10693481646990141,Consensus_Selection,11.703919740188129,663.7755854070382,-32.27329293634994,-1889.043695645415,"[0.10693481646990141, 0.16785640490181733]"
-1888.0396800814256,0.23911911455199228,0.06636547862108562,Consensus_Selection,11.83628819439449,646.0973506483432,-63.130396740064356,-3009.4769784342184,"[0.06636547862108562, 0.26994774924550985]"
-1888.0396800814256,0.24392908961014867,0.2245616764895661,Consensus_Selection,11.974733276756615,655.3942167259795,-78.21740670765253,-1314.4815963029835,"[0.2245616764895661, 0.08045985803657948]"
-1888.0396800814256,0.24878696140694342,0.10554970531962017,Consensus_Selection,12.110938175912365,664.3203004875871,-16.34561336768241,5445.740442863668,"[0.10554970531962017, 0.1730087106033645]"
-1888.0396800814256,0.2536927299423765,0.2607817383493504,Consensus_Selection,12.25384670411354,649.2711411690618,-82.80673968963337,7701.373961992649,"[0.2607817383493504, 0.06883223500861635]"
-1888.0396800814256,0.25864639521644783,0.24811749378460457,Consensus_Selection,12.393437148221283,652.2220547239699,-70.43397521261494,2137.9034528914262,"[0.24811749378460457, 0.07318220344521019]"
-1888.0396800814256,0.2636479572291576,0.07562706550199172,Consensus_Selection,12.536309926289029,654.0311875677339,-51.15147503031655,2214.1746524085165,"[0.07562706550199172, 0.24130270955281463]"
-1888.0396800814256,0.2686974159805058,0.2564178569628037,Consensus_Selection,12.682462052776758,651.5712396543605,-67.47836114455225,673.2251348709988,"[0.2564178569628037, 0.07098300138944043]"
-1888.0396800814256,0.2737947714704923,0.3028498895703245,Consensus_Selection,12.830254560509967,642.9186107201933,-116.00675226589573,2801.493036693574,"[0.3028498895703245, 0.06075160836837255]"
-1888.0396800814256,0.278940023699117,0.2655972934763536,Consensus_Selection,12.979239032416057,650.825262783499,-81.66705520498441,1723.9995007725536,"[0.2655972934763536, 0.06870294830697384]"
-1888.0396800814256,0.28413317266638033,0.06913920429124915,Consensus_Selection,13.133902550529935,651.4155583058503,-59.70262129303766,-3583.1633349981103,"[0.06913920429124915, 0.26540306081688714]"
-1888.0396800814256,0.2893742183722819,0.2698527341525462,Consensus_Selection,13.285492001542137,651.071233352509,-64.50255395805594,-11032.827380343586,"[0.2698527341525462, 0.06812161673989359]"
-1888.0396800814256,0.2946631608168217,0.07261259037508712,Consensus_Selection,13.43588400369309,654.2422647489725,-33.41090234147174,2084.701145957154,"[0.07261259037508712, 0.2565245483804864]"
-1888.0396800814256,0.29999999999999993,0.07210524779674791,Consensus_Selection,13.591297545010267,654.2314893720264,-24.433520976816062,2062.428389660455,"[0.07210524779674791, 0.2593810087369375]"
-5970.505701832945,0.003999999999999999,0.015673936617366855,Unique_Solution,5.155046094091496,546.2099654020652,106.85193562610769,8423.634998284535,[0.015673936617366855]
-5970.505701832945,0.004642958796619732,-0.003918164781303066,Nearest_Fallback,5.159743373914024,471.06429156337697,-304.76267000672505,6751.659070962425,[-0.003918164781303066]
-5970.505701832945,0.005333814331877817,,Nearest_Fallback,5.1982733220327,674.2453585954006,766.8873555514557,3593.88628051952,[nan]
-5970.505701832945,0.006072566605774254,-0.014393840514640679,Nearest_Fallback,5.204782359008725,425.44392090003413,-817.5678062431105,5556.467689332756,[-0.014393840514640679]
-5970.505701832945,0.006859215618309043,-0.015686899363066113,Nearest_Fallback,5.252452770037911,419.8900390481713,-1117.5091943978348,3505.9586777570667,[-0.015686899363066113]
-5970.505701832945,0.007693761369482185,0.02294914328358763,Unique_Solution,5.272984474445968,567.2361754475537,115.18555047274214,4878.936798509223,[0.02294914328358763]
-5970.505701832945,0.008576203859293679,0.01692030245305616,Unique_Solution,5.290840034574045,550.2664354007552,61.7217679752315,3387.291361409084,[0.01692030245305616]
-5970.505701832945,0.009506543087743522,-0.014766123190938795,Nearest_Fallback,5.320772624261211,424.03249021198116,-1025.285143814001,4477.98659634947,[-0.014766123190938795]
-5970.505701832945,0.010484779054831722,0.08274571107775813,Consensus_Selection,5.363844713641703,643.3275158380499,397.0034233573339,3441.005334039073,"[0.08274571107775813, 0.198626026626619]"
-5970.505701832945,0.01151091176055827,0.07865016151452645,Consensus_Selection,5.389034881157415,641.1476766315416,479.7139277548241,3764.019462296527,"[0.07865016151452645, 0.21023878086935455]"
-5970.505701832945,0.012584941204923174,0.0651322618932808,Consensus_Selection,5.430082593420314,632.7639312918999,395.8431285914848,3680.8598822530776,"[0.0651322618932808, 0.253848373869639]"
-5970.505701832945,0.01370686738792643,0.015602947200700315,Unique_Solution,5.474574144054462,546.5040954292763,-190.78968205007712,4667.763084172519,[0.015602947200700315]
-5970.505701832945,0.014876690309568036,0.007585286906249924,Unique_Solution,5.50349855111242,519.4307478337552,-331.6182876463364,835.1336714395316,[0.007585286906249924]
-5970.505701832945,0.01609440996984799,0.007787979564839961,Unique_Solution,5.526421300493547,520.2298152065651,-328.28868083548014,3853.2569379940583,[0.007787979564839961]
-5970.505701832945,0.017360026368766306,0.04973564369166761,Consensus_Selection,5.5701937455129205,617.6523819563275,270.20093674155237,4561.043236225597,"[0.04973564369166761, 0.33522774526422233]"
-5970.505701832945,0.018673539506322973,0.028229326812288392,Unique_Solution,5.617911390828109,579.6356004988762,-105.3460689687393,-6880.671078634993,[0.028229326812288392]
-5970.505701832945,0.02003494938251798,0.004031511591749352,Unique_Solution,5.651506505438104,505.9457258153694,-377.10227531860323,8809.05136611268,[0.004031511591749352]
-5970.505701832945,0.02144425599735135,0.0037642201535114913,Unique_Solution,5.711371211430539,505.0856738065325,-690.6158018705557,4438.998048403876,[0.0037642201535114913]
-5970.505701832945,0.022901459350823064,0.020871678591377216,Unique_Solution,5.740923574111765,562.7613281424683,-28.704573280862267,5458.43268159778,[0.020871678591377216]
-5970.505701832945,0.024406559442933143,0.08135808726993517,Consensus_Selection,5.793457257198181,642.9826419104851,283.6803547149858,4204.95821747794,"[0.08135808726993517, 0.2045200795852341]"
-5970.505701832945,0.025959556273681562,0.020017869179472424,Unique_Solution,5.84083842015795,560.6754182579798,-183.87376245715978,4019.2771770476497,[0.020017869179472424]
-5970.505701832945,0.02756044984306834,0.03249080606513229,Unique_Solution,5.883455123238238,590.0511181205168,-112.0609517801209,4675.743233079162,[0.03249080606513229]
-5970.505701832945,0.029209240151093475,0.028517780143153832,Unique_Solution,5.9410509308191175,580.978704858997,-202.48220119865883,3289.318195983372,[0.028517780143153832]
-5970.505701832945,0.030905927197756953,0.02244769624424944,Unique_Solution,5.988151224067626,566.5687063548174,-63.39631886015125,1706.997571647986,[0.02244769624424944]
-5970.505701832945,0.03265051098305878,0.024862406816259616,Unique_Solution,6.037849124782268,572.3169426277838,-67.61405467093904,2895.818982341419,[0.024862406816259616]
-5970.505701832945,0.03444299150699897,0.021429052882985675,Unique_Solution,6.103033422223555,564.4708227913835,-339.56635499554585,-21316.650610952995,[0.021429052882985675]
-5970.505701832945,0.0362833687695775,0.050680766999594264,Consensus_Selection,6.152662906460623,618.9968680056754,22.64710827240364,4336.326819074031,"[0.050680766999594264, 0.33319307744803234]"
-5970.505701832945,0.0381716427707944,0.04156525248618265,Unique_Solution,6.210451883540196,605.9219678511649,-20.788834792281836,8622.931754865474,[0.04156525248618265]
-5970.505701832945,0.04010781351064963,0.03677197693161597,Unique_Solution,6.270085143449319,597.923401848661,-185.41261091255217,3475.5427464275526,[0.03677197693161597]
-5970.505701832945,0.04209188098914323,-0.00039103264364127865,Nearest_Fallback,6.326111786986825,488.59176078855387,-780.9574225388277,2378.9894127330044,[-0.00039103264364127865]
-5970.505701832945,0.044123845206275186,0.005845219892269753,Unique_Solution,6.38126126427365,514.2770754179971,-736.029266232547,4371.929204906336,[0.005845219892269753]
-5970.505701832945,0.04620370616204548,0.049990856340643215,Consensus_Selection,6.444022487718725,619.0950245066238,-17.2376876481125,3981.7033303050325,"[0.049990856340643215, 0.3357222295156104]"
-5970.505701832945,0.04833146385645412,0.06911328625177224,Consensus_Selection,6.519593823616538,636.9368827534896,-51.44317240425204,653.6044109073603,"[0.06911328625177224, 0.24323664250334753]"
-5970.505701832945,0.050507118289501135,0.17762462805242518,Nearest_Fallback,6.578384521327724,658.3544228659879,94.42718887679794,-12633.427116192886,[0.17762462805242518]
-5970.505701832945,0.05273066946118648,0.03873417841338849,Unique_Solution,6.64547452756018,601.5190978453311,-204.13016412712054,-3028.1756046614364,[0.03873417841338849]
-5970.505701832945,0.05500211737151018,0.32382907682011824,Consensus_Selection,6.712427880076878,621.8096618407503,-160.49756021010754,1603.350646143307,"[0.32382907682011824, 0.05212664079290275]"
-5970.505701832945,0.05732146202047223,0.01019446519980527,Nearest_Fallback,6.787268844700464,669.961775721649,116.66072397640161,-549.8450057893956,[0.01019446519980527]
-5970.505701832945,0.05968870340807267,0.30416296970552237,Consensus_Selection,6.847722199763819,625.7293477490877,-144.3444000639864,3471.2595806161194,"[0.30416296970552237, 0.05588596402340494]"
-5970.505701832945,0.06210384153431142,0.0450895023179238,Unique_Solution,6.919001857570376,612.517262148733,-216.79409317842047,2336.2017716269147,[0.0450895023179238]
-5970.505701832945,0.06456687639918854,0.14863894875246722,Nearest_Fallback,6.993107468056768,664.3300384803013,79.06218096272661,3850.7678583355623,[0.14863894875246722]
-5970.505701832945,0.067077808002704,0.035746941741745586,Unique_Solution,7.071505558849264,597.6794837326818,-246.50101206596057,3102.2146801103127,[0.035746941741745586]
-5970.505701832945,0.06963663634485784,0.038251102168729685,Unique_Solution,7.141435461964426,602.0254221070611,-229.70332956266066,2705.299747667769,[0.038251102168729685]
-5970.505701832945,0.07224336142565002,0.035999846723739494,Unique_Solution,7.221594382205412,598.529352040143,-318.7962545094204,3850.8736557873576,[0.035999846723739494]
-5970.505701832945,0.07489798324508051,0.04041610906462236,Unique_Solution,7.291176064271207,606.0300430472229,-235.61295648240164,7197.209628477811,[0.04041610906462236]
-5970.505701832945,0.07760050180314944,0.23334286357865572,Consensus_Selection,7.3689883578752005,640.7500876562007,-122.87622915819874,4788.9842393074405,"[0.23334286357865572, 0.07252353943667567]"
-5970.505701832945,0.08035091709985664,0.3035554808256563,Consensus_Selection,7.44891001343809,627.1612571690856,-102.3321732363607,3155.7021553554373,"[0.3035554808256563, 0.05657337050701505]"
-5970.505701832945,0.0831492291352022,,Nearest_Fallback,7.532051268267817,699.2451437830539,146.7741693701979,21975.5697866016,[nan]
-5970.505701832945,0.08599543790918614,0.09681988441436062,Consensus_Selection,7.6090619476154275,651.7125262243834,-48.53408097119392,5500.936755350549,"[0.09681988441436062, 0.17475869293286744]"
-5970.505701832945,0.08888954342180844,0.08654345417276853,Consensus_Selection,7.694811194380597,648.9088767239394,-26.232408219429423,6398.789389624183,"[0.08654345417276853, 0.19378975278046526]"
-5970.505701832945,0.09183154567306907,0.20341785682960592,Consensus_Selection,7.778949127449708,647.3685812127928,-93.83076238741454,3682.6644793696314,"[0.20341785682960592, 0.08358377545916998]"
-5970.505701832945,0.09482144466296805,0.03997276829602853,Unique_Solution,7.861459202254088,606.2842233149446,-280.59855939287115,3562.089787738225,[0.03997276829602853]
-5970.505701832945,0.0978592403915054,0.24556142726586544,Consensus_Selection,7.947075466972801,639.7197749313357,-107.673902429835,1584.4546518424515,"[0.24556142726586544, 0.06969226545825694]"
-5970.505701832945,0.10094493285868106,,Nearest_Fallback,8.035132147489149,692.8732147828431,93.00085354797606,1943.5232689725233,[nan]
-5970.505701832945,0.10407852206449512,0.21562862661103493,Consensus_Selection,8.126625776857031,645.9418314036459,-93.33498897496128,2427.4992530176705,"[0.21562862661103493, 0.07998427874871128]"
-5970.505701832945,0.10726000800894753,0.2258517901329745,Consensus_Selection,8.215886179576444,644.2516680097461,-102.86986934265285,4892.789166161868,"[0.2258517901329745, 0.07672402273514006]"
-5970.505701832945,0.11048939069203828,0.17021815417408098,Consensus_Selection,8.306956960347181,654.0302926533727,-70.02966065265076,2802.9807069938824,"[0.17021815417408098, 0.10079564998362464]"
-5970.505701832945,0.1137666701137674,0.04448810803726886,Unique_Solution,8.395811952517294,614.7770833798269,-298.79635189613066,6041.779206665147,[0.04448810803726886]
-5970.505701832945,0.11709184627413487,0.22910392718009198,Consensus_Selection,8.488950580835743,644.3225479263649,-118.99355981353797,3544.6969455305243,"[0.22910392718009198, 0.07588660000909088]"
-5970.505701832945,0.12046491917314069,0.08607193582387201,Nearest_Fallback,8.581961201622228,667.983062912307,-27.964301313048267,389.80999554512306,[0.08607193582387201]
-5970.505701832945,0.12388588881078477,0.13784863678056147,Nearest_Fallback,8.675540790212324,660.5355360181082,-60.5641406418977,3701.099275155312,[0.13784863678056147]
-5970.505701832945,0.12735475518706738,0.12030950546653285,Nearest_Fallback,8.772087552418462,666.0621616433511,-8.191617140353568,3322.2630883846236,[0.12030950546653285]
-5970.505701832945,0.13087151830198818,0.19828591418234415,Consensus_Selection,8.868486912596273,651.0815408719077,-110.61105543600988,5693.379404364478,"[0.19828591418234415, 0.08626385350770333]"
-5970.505701832945,0.1344361781555474,0.14085674812125604,Nearest_Fallback,8.968213633033033,663.4238441849495,-52.985684721254174,3267.216390311912,[0.14085674812125604]
-5970.505701832945,0.13804873474774498,0.22261893303199645,Consensus_Selection,9.067863311823487,647.0499483550866,-115.7249175344678,3582.431913265574,"[0.22261893303199645, 0.07842904289728991]"
-5970.505701832945,0.1417091880785809,0.1360293550237978,Nearest_Fallback,9.168376621847518,660.7858209297054,-53.78698106990151,2643.1543678547196,[0.1360293550237978]
-5970.505701832945,0.1454175381480552,0.10874671537459124,Consensus_Selection,9.268358343924474,658.1305957534481,-48.591255065474016,-2128.246944239583,"[0.10874671537459124, 0.15462863379369504]"
-5970.505701832945,0.14917378495616782,0.12781042822667565,Nearest_Fallback,9.375934815852117,665.6088572403705,-38.453119737061485,2066.1770996291307,[0.12781042822667565]
-5970.505701832945,0.1529779285029188,0.16654411335951283,Consensus_Selection,9.476438136229183,657.5898580854877,-70.03731800981184,3334.6607166800923,"[0.16654411335951283, 0.10430723511859907]"
-5970.505701832945,0.15682996878830807,0.03633364596720762,Nearest_Fallback,9.581352375362215,670.766897310919,-17.41607439088371,2279.2880850247607,[0.03633364596720762]
-5970.505701832945,0.16072990581233576,0.10491740218620604,Consensus_Selection,9.690563537099873,658.2303573946566,-50.438132713719064,3093.97458662871,"[0.10491740218620604, 0.1661880943152546]"
-5970.505701832945,0.1646777395750018,0.21954681935513018,Consensus_Selection,9.798918996885421,649.6762792370439,-110.0435531174859,2942.254053246944,"[0.21954681935513018, 0.07961629100481812]"
-5970.505701832945,0.1686734700763062,0.26964063202800137,Consensus_Selection,9.90949877527283,640.194486783212,-157.3605970197853,5086.639799488767,"[0.26964063202800137, 0.06448345765175204]"
-5970.505701832945,0.17271709731624887,0.23236469298538,Consensus_Selection,10.021692028391508,647.9258501579745,-117.2859760155707,-5123.558328428067,"[0.23236469298538, 0.07583491493544492]"
-5970.505701832945,0.17680862129483005,0.22712704814867815,Consensus_Selection,10.131573617518589,649.2249720029289,-104.32139587674449,1981.6294840606654,"[0.22712704814867815, 0.07767971522957356]"
-5970.505701832945,0.1809480420120495,0.13524840744299646,Nearest_Fallback,10.245393981938722,662.8059169557719,-50.14904884787078,1675.2800658630097,[0.13524840744299646]
-5970.505701832945,0.1851353594679072,0.10763674459309479,Consensus_Selection,10.363286436064792,660.6930516029106,-44.46233427767397,2880.8884524135065,"[0.10763674459309479, 0.15996814905361767]"
-5970.505701832945,0.1893705736624034,0.23046226438129605,Consensus_Selection,10.47947570939503,649.6326912919733,-96.01213326863424,2761.2658723357804,"[0.23046226438129605, 0.07731881483211328]"
-5970.505701832945,0.1936536845955379,0.13394919368354186,Nearest_Fallback,10.598642126455418,665.9872735192578,-30.672465190028475,-3508.2286280331655,[0.13394919368354186]
-5970.505701832945,0.19798469226731075,0.0995665888628475,Consensus_Selection,10.720109702971147,659.4606916182566,-52.90271405736295,7307.721844641465,"[0.0995665888628475, 0.177657421547426]"
-5970.505701832945,0.20236359667772197,0.2199958275521055,Consensus_Selection,10.840345145511359,652.665640926219,-89.32962327792579,473.4863733653139,"[0.2199958275521055, 0.08143076206014081]"
-5970.505701832945,0.20679039782677155,0.30315832451186747,Consensus_Selection,10.966537743612466,636.7821033838756,-145.10505512596956,-7035.184220088213,"[0.30315832451186747, 0.05869170330798603]"
-5970.505701832945,0.21126509571445948,0.2919323309047137,Consensus_Selection,11.089893613945346,639.3700335400492,-144.843374366656,-9888.993889789728,"[0.2919323309047137, 0.06102221572286609]"
-5970.505701832945,0.21578769034078563,0.2493493136355951,Consensus_Selection,11.18466189514009,648.0490867872087,-80.53474495566532,2143.582456881457,"[0.2493493136355951, 0.07182046560273841]"
-5970.505701832945,0.22035818170575036,0.28110490391846354,Consensus_Selection,11.311145707991873,642.1849155975999,-114.73763122414478,1531.1742833897697,"[0.28110490391846354, 0.06340615807583937]"
-5970.505701832945,0.22497656980935324,0.10205177971016731,Nearest_Fallback,11.439625370952257,670.1141239692971,-5.953695028208037,2246.2460774881365,[0.10205177971016731]
-5970.505701832945,0.22964285465159456,0.28206797839193787,Consensus_Selection,11.573140351020923,642.8392184735578,-127.77344472126423,-48994.23495956467,"[0.28206797839193787, 0.06360756995412782]"
-5970.505701832945,0.23435703623247425,0.28627887996218687,Consensus_Selection,11.703773274842002,642.4339779383282,-131.58569605198784,2241.7543991037983,"[0.28627887996218687, 0.06298721052034983]"
-5970.505701832945,0.23911911455199228,0.09911153802274741,Consensus_Selection,11.838711813399513,661.877479008048,-35.96585456320579,2436.171672986531,"[0.09911153802274741, 0.18401551992001927]"
-5970.505701832945,0.24392908961014867,0.23707966768064026,Consensus_Selection,11.976504710786562,653.023104104849,-63.90771358650126,-5034.9638118414605,"[0.23707966768064026, 0.07638830647123711]"
-5970.505701832945,0.24878696140694342,0.09752029951793086,Consensus_Selection,12.110937836264922,662.0639347176979,-21.237971551750526,6552.170748064642,"[0.09752029951793086, 0.1890049171553711]"
-5970.505701832945,0.2536927299423765,0.07514607769797327,Consensus_Selection,12.251000026962569,653.061945879174,-58.23979790069784,2117.8367212327526,"[0.07514607769797327, 0.24147817500628846]"
-5970.505701832945,0.25864639521644783,0.07649354206297836,Consensus_Selection,12.393975978669797,654.2212251279784,-58.294727348033575,1540.1713375902502,"[0.07649354206297836, 0.23797546465370017]"
-5970.505701832945,0.2636479572291576,0.07384350839489308,Consensus_Selection,12.538292236415455,652.9597048884466,-56.700528615894754,2108.922002962398,"[0.07384350839489308, 0.24677383296407648]"
-5970.505701832945,0.2686974159805058,0.2820070536322049,Consensus_Selection,12.68098542893901,646.5111264325337,-82.45095541954763,2311.8534987965836,"[0.2820070536322049, 0.06472537249545618]"
-5970.505701832945,0.2737947714704923,0.2570262678859146,Consensus_Selection,12.830368900767988,651.9795561699084,-63.082897309844135,13880.149021631145,"[0.2570262678859146, 0.07100861772679215]"
-5970.505701832945,0.278940023699117,0.2947383217751639,Consensus_Selection,12.98002706510043,645.0361752776762,-87.98011168348754,1366.2083379952412,"[0.2947383217751639, 0.0623573977825955]"
-5970.505701832945,0.28413317266638033,0.3333428259017568,Consensus_Selection,13.13010785116367,638.0829407036008,-108.35793186921825,544.2139514627727,"[0.3333428259017568, 0.05511920578136733]"
-5970.505701832945,0.2893742183722819,0.3343163992063089,Consensus_Selection,13.282408164075685,638.4163746690865,-122.33267964534164,-2948.5053368830327,"[0.3343163992063089, 0.05503905207107727]"
-5970.505701832945,0.2946631608168217,0.2931443122586494,Consensus_Selection,13.435683773702113,646.9531544223952,-78.01177234831589,9368.860587934869,"[0.2931443122586494, 0.0628189242564115]"
-5970.505701832945,0.29999999999999993,0.2869518857055887,Consensus_Selection,13.592005522059917,648.7487024895976,-74.42470485866293,958.5854052828109,"[0.2869518857055887, 0.0641094809695421]"
-18880.396800814255,0.003999999999999999,0.03228495328596452,Unique_Solution,5.163342512746957,588.8762883104424,283.83297201415184,616.7457651296723,[0.03228495328596452]
-18880.396800814255,0.004642958796619732,-0.00958228515139402,Nearest_Fallback,5.174087243384509,446.37933690626227,-706.3677556633565,3632.6161473074753,[-0.00958228515139402]
-18880.396800814255,0.005333814331877817,0.018727935322208386,Unique_Solution,5.190871286380893,555.6241913821937,170.15099242881365,-2891.5526293506614,[0.018727935322208386]
-18880.396800814255,0.006072566605774254,0.007395479901742522,Unique_Solution,5.216941681057658,518.2373581605392,-160.0558335129868,5872.352649098604,[0.007395479901742522]
-18880.396800814255,0.006859215618309043,-0.0005343857298417986,Nearest_Fallback,5.235540247715505,485.96597690308886,-300.8924315938084,4825.640338853763,[-0.0005343857298417986]
-18880.396800814255,0.007693761369482185,-0.0035773608566494804,Nearest_Fallback,5.262127306697037,472.7389377574283,-451.1500488256307,12570.649183510186,[-0.0035773608566494804]
-18880.396800814255,0.008576203859293679,0.0015289267058726092,Nearest_Fallback,5.296980216000478,495.08043373361375,-381.8412590241404,4539.497320003379,[0.0015289267058726092]
-18880.396800814255,0.009506543087743522,0.024172176665571195,Unique_Solution,5.330563852468172,570.1458195568074,87.57983401395413,1831.011764369337,[0.024172176665571195]
-18880.396800814255,0.010484779054831722,0.004623522457998456,Unique_Solution,5.359860397629919,507.9373058903145,-342.696858333492,3228.412779677921,[0.004623522457998456]
-18880.396800814255,0.01151091176055827,0.007322558699534639,Unique_Solution,5.384658066173472,518.2837939326046,-186.3931948288739,3739.4427764288343,[0.007322558699534639]
-18880.396800814255,0.012584941204923174,0.02365227429409373,Unique_Solution,5.423095591621631,569.0136237660546,96.0901944389556,4078.5822058418266,[0.02365227429409373]
-18880.396800814255,0.01370686738792643,-0.0004582246114688592,Nearest_Fallback,5.448986997449961,486.6897624905297,-527.8429240901654,2925.956725133691,[-0.0004582246114688592]
-18880.396800814255,0.014876690309568036,0.018212966226027954,Unique_Solution,5.50267884606669,554.5992350956695,-129.75553109806765,2572.4043737109228,[0.018212966226027954]
-18880.396800814255,0.01609440996984799,0.0772299049339815,Consensus_Selection,5.5411343962348365,640.5172835415826,294.41112552834244,1954.5583180430935,"[0.0772299049339815, 0.2149420250602083]"
-18880.396800814255,0.017360026368766306,0.01867289238286085,Unique_Solution,5.574742417457767,556.1242348552894,-133.9638486654332,5204.808250736623,[0.01867289238286085]
-18880.396800814255,0.018673539506322973,0.018452588330725064,Unique_Solution,5.614381321545426,555.4904869312344,-132.17998082053492,5711.6104305766585,[0.018452588330725064]
-18880.396800814255,0.02003494938251798,0.0060289525697585005,Unique_Solution,5.650485727674478,513.6035703344343,-376.4193079970239,5089.740544420335,[0.0060289525697585005]
-18880.396800814255,0.02144425599735135,0.1034388232554118,Consensus_Selection,5.703514551924101,649.7430117750441,301.79016185806177,3159.5911686430154,"[0.1034388232554118, 0.16228023356854196]"
-18880.396800814255,0.022901459350823064,0.008971246811190197,Unique_Solution,5.7437609861527825,525.1537798993078,-332.5586673026812,2104.4171638797598,[0.008971246811190197]
-18880.396800814255,0.024406559442933143,0.013610821207506629,Unique_Solution,5.790309218480094,540.9271234236996,-339.60888463056176,4422.707723968706,[0.013610821207506629]
-18880.396800814255,0.025959556273681562,0.010699750332430409,Unique_Solution,5.842831337323542,531.6252380868724,-377.9548530927347,7160.790542925782,[0.010699750332430409]
-18880.396800814255,0.02756044984306834,0.03774118530987524,Unique_Solution,5.888209876215448,599.6399107484492,-62.114135302485074,5312.981849798402,[0.03774118530987524]
-18880.396800814255,0.029209240151093475,0.05114877136613367,Consensus_Selection,5.938144741750377,619.1674732466529,96.43640603821127,3898.847891538974,"[0.05114877136613367, 0.33020924288470577]"
-18880.396800814255,0.030905927197756953,0.0539073591743228,Consensus_Selection,5.989620362790919,622.1377564993204,77.8196592087095,3283.174423005194,"[0.0539073591743228, 0.31411520961201095]"
-18880.396800814255,0.03265051098305878,0.03813285076649424,Unique_Solution,6.044353530432166,600.3449009898044,-55.914303607303495,3174.1614695895078,[0.03813285076649424]
-18880.396800814255,0.03444299150699897,0.07908740409540786,Consensus_Selection,6.099923395383511,641.7590584535947,137.5473964736164,70722.43058090964,"[0.07908740409540786, 0.2141099341873517]"
-18880.396800814255,0.0362833687695775,0.027292729866589985,Unique_Solution,6.154574632370183,578.6523781640117,-204.35167308833132,5051.117003853358,[0.027292729866589985]
-18880.396800814255,0.0381716427707944,0.016300302706055942,Unique_Solution,6.208637872776292,550.3875629694256,-401.89901718099577,3985.6176090303193,[0.016300302706055942]
-18880.396800814255,0.04010781351064963,0.04659571068792537,Unique_Solution,6.273410981127405,614.1949537258056,-15.954716721593416,1296.5875197212335,[0.04659571068792537]
-18880.396800814255,0.04209188098914323,0.02133618448515571,Unique_Solution,6.330589617167799,564.889979905319,-295.9009154392803,3161.2377128512658,[0.02133618448515571]
-18880.396800814255,0.044123845206275186,0.028865393953478893,Unique_Solution,6.390541078251898,583.1960071264526,-239.2348488541444,2378.466174287374,[0.028865393953478893]
-18880.396800814255,0.04620370616204548,0.04352382748470353,Unique_Solution,6.456551942865763,609.1157317708117,-88.94883431608179,5717.384738225674,[0.04352382748470353]
-18880.396800814255,0.04833146385645412,0.038714857691586,Unique_Solution,6.517856217667198,601.2664939976556,-230.98822324590446,-1895.140513515153,[0.038714857691586]
-18880.396800814255,0.050507118289501135,0.03140471158220674,Unique_Solution,6.578208999190642,589.1168623801461,-225.50433016487023,5961.148305313695,[0.03140471158220674]
-18880.396800814255,0.05273066946118648,0.16109508143788578,Nearest_Fallback,6.646130404518152,663.6843079889994,91.402383885526,4172.9551239272205,[0.16109508143788578]
-18880.396800814255,0.05500211737151018,0.008546917330767073,Unique_Solution,6.713774502414127,524.6954290074077,-630.665717951112,4171.476164859683,[0.008546917330767073]
-18880.396800814255,0.05732146202047223,0.04572329799666974,Unique_Solution,6.781667018851461,613.0667918254906,-125.47863880640159,5027.162324659355,[0.04572329799666974]
-18880.396800814255,0.05968870340807267,0.09522963665620783,Consensus_Selection,6.850796846102462,649.8625407433142,9.609186151570894,5438.202881328116,"[0.09522963665620783, 0.1760892711727647]"
-18880.396800814255,0.06210384153431142,0.042292764463193785,Unique_Solution,6.923956899464427,607.9648103639988,-196.16632935490625,3279.441373833074,[0.042292764463193785]
-18880.396800814255,0.06456687639918854,0.03303021533414812,Unique_Solution,6.993859717743698,592.9552463650466,-301.4777846638074,6809.427467423429,[0.03303021533414812]
-18880.396800814255,0.067077808002704,0.0638410660988417,Consensus_Selection,7.065601503824997,633.8268464756519,-59.182411534386176,3812.417485031418,"[0.0638410660988417, 0.2648446952225637]"
-18880.396800814255,0.06963663634485784,0.0829156928792665,Nearest_Fallback,7.140158818389624,667.6660907152441,75.25396736668903,4832.680950092367,[0.0829156928792665]
-18880.396800814255,0.07224336142565002,0.2847861749116149,Consensus_Selection,7.217177037983991,630.2744700951496,-116.41207056276325,3419.903163824836,"[0.2847861749116149, 0.06036570853477507]"
-18880.396800814255,0.07489798324508051,0.1656379733360214,Nearest_Fallback,7.292917735625472,660.1829498822918,13.038195558227214,7711.779243443067,[0.1656379733360214]
-18880.396800814255,0.07760050180314944,0.1511135520543359,Nearest_Fallback,7.371037788643804,658.3171882238948,18.083549195150812,-4044.1414039571778,[0.1511135520543359]
-18880.396800814255,0.08035091709985664,0.15169168428874022,Nearest_Fallback,7.450185218438137,663.668018884744,52.265672703758725,7637.406091514778,[0.15169168428874022]
-18880.396800814255,0.0831492291352022,,Nearest_Fallback,7.529831221617969,679.0271651594481,75.50642007834605,7622.997673998648,[nan]
-18880.396800814255,0.08599543790918614,0.08791136450368113,Consensus_Selection,7.612695794056706,649.4770571415696,-65.49099211378955,10740.028355998944,"[0.08791136450368113, 0.18898870650760352]"
-18880.396800814255,0.08888954342180844,0.20357474250606533,Consensus_Selection,7.694209334788675,647.1471397776461,-80.7010316786178,-2604.0571299044072,"[0.20357474250606533, 0.08330673870226811]"
-18880.396800814255,0.09183154567306907,0.2243705080812766,Consensus_Selection,7.77728180003929,643.4420194634034,-99.51576721539904,48842.46258491591,"[0.2243705080812766, 0.0767057065876472]"
-18880.396800814255,0.09482144466296805,,Nearest_Fallback,7.863482985829358,680.6161855428709,95.04188585967684,2403.9830245796406,[nan]
-18880.396800814255,0.0978592403915054,0.15035385514795363,Nearest_Fallback,7.946642031403899,663.1449735055013,0.22019360749631706,1134.0561570054283,[0.15035385514795363]
-18880.396800814255,0.10094493285868106,0.21071427532148415,Consensus_Selection,8.033095430642158,646.6279059861546,-108.4687255994904,1394.9738086899692,"[0.21071427532148415, 0.08150708718153223]"
-18880.396800814255,0.10407852206449512,0.15110929092134626,Nearest_Fallback,8.125054211337478,662.3781279395465,-20.353139568809116,2143.980375623785,[0.15110929092134626]
-18880.396800814255,0.10726000800894753,0.14295332012734505,Nearest_Fallback,8.215096968151984,659.9621119066494,-40.928086949007884,4364.319158160922,[0.14295332012734505]
-18880.396800814255,0.11048939069203828,0.27284533510748954,Consensus_Selection,8.305558006350266,635.2145393317559,-165.71168316481933,2987.6085300873697,"[0.27284533510748954, 0.06253175906558908]"
-18880.396800814255,0.1137666701137674,0.19850090570859366,Consensus_Selection,8.39569437302391,649.8106195681511,-118.43221400879933,2307.2401699285115,"[0.19850090570859366, 0.08578089649054615]"
-18880.396800814255,0.11709184627413487,0.18367209800601897,Consensus_Selection,8.489751625377536,652.3812559400579,-77.47295236024479,-2411.3110751794698,"[0.18367209800601897, 0.09240009885245352]"
-18880.396800814255,0.12046491917314069,0.14553630270662996,Nearest_Fallback,8.583229340763342,662.4479346349027,-30.33416164169758,773.1009560531571,[0.14553630270662996]
-18880.396800814255,0.12388588881078477,0.0238678959856473,Nearest_Fallback,8.676127273445623,670.4778288967606,4.526470494922025,10049.130192032906,[0.0238678959856473]
-18880.396800814255,0.12735475518706738,0.13614491812766227,Nearest_Fallback,8.772541408678814,659.8914877728154,-55.35649288779758,-9825.737421833419,[0.13614491812766227]
-18880.396800814255,0.13087151830198818,0.10789540230934255,Nearest_Fallback,8.870058539705354,666.949652529631,-24.789513063242577,2883.744789565396,[0.10789540230934255]
-18880.396800814255,0.1344361781555474,0.21759838509285986,Consensus_Selection,8.968591682713079,647.7308906913786,-115.1435474810063,-5701.8952549374335,"[0.21759838509285986, 0.08000123598135986]"
-18880.396800814255,0.13804873474774498,0.2611583065201147,Consensus_Selection,9.067925985321684,639.5007005826634,-155.73220153666122,2458.6609326754588,"[0.2611583065201147, 0.06546539292136601]"
-18880.396800814255,0.1417091880785809,0.1401861137518322,Nearest_Fallback,9.16762068244379,663.0608388209422,-47.38156249034736,2138.8475553678295,[0.1401861137518322]
-18880.396800814255,0.1454175381480552,0.22047875456830965,Consensus_Selection,9.270658952890422,648.0226107561579,-111.10069923934253,5558.615950687188,"[0.22047875456830965, 0.0791650873658748]"
-18880.396800814255,0.14917378495616782,,Nearest_Fallback,9.373336174076185,684.6470353602315,54.80415603780557,-994.6537649648101,[nan]
-18880.396800814255,0.1529779285029188,0.12959609857805532,Nearest_Fallback,9.478073303639777,665.4512777549447,-24.58127964762802,1681.630171819369,[0.12959609857805532]
-18880.396800814255,0.15682996878830807,0.2611911549089917,Consensus_Selection,9.584298990269986,640.9080118196165,-143.6987139094826,275.1212767587726,"[0.2611911549089917, 0.06607810081661651]"
-18880.396800814255,0.16072990581233576,0.12608964232562064,Consensus_Selection,9.689698122460264,660.2276692319685,-51.42810259589392,1147.6594142104586,"[0.12608964232562064, 0.1423904422815129]"
-18880.396800814255,0.1646777395750018,,Nearest_Fallback,9.799523344470066,681.0141304824872,25.59981170119539,-2921.3896288201863,[nan]
-18880.396800814255,0.1686734700763062,0.12308826470595269,Nearest_Fallback,9.908450180198294,666.4801320279201,-28.31591138389056,5705.930194599693,[0.12308826470595269]
-18880.396800814255,0.17271709731624887,0.2303670752785319,Consensus_Selection,10.019057383043219,648.3009272811526,-117.16146259310023,-42932.57231807824,"[0.2303670752785319, 0.0764600327176031]"
-18880.396800814255,0.17680862129483005,0.11494437090218321,Consensus_Selection,10.132777280863316,660.6763079362695,-54.55969325529123,-2049.2084314851495,"[0.11494437090218321, 0.15101480196706007]"
-18880.396800814255,0.1809480420120495,0.24828002047229009,Consensus_Selection,10.24739748321036,645.4332426258705,-122.0598731991337,1563.09894083177,"[0.24828002047229009, 0.07103042914079803]"
-18880.396800814255,0.1851353594679072,0.1370759006753776,Nearest_Fallback,10.362707484150363,664.7187810070051,-33.5815593852779,-1944.9679342522825,[0.1370759006753776]
-18880.396800814255,0.1893705736624034,0.17952792331229894,Consensus_Selection,10.47940374667296,658.4943336400546,-60.154098614195476,-439.3561181233974,"[0.17952792331229894, 0.09826676706926397]"
-18880.396800814255,0.1936536845955379,0.13202733432037264,Nearest_Fallback,10.600193425247776,666.2941812585383,-28.150668324888436,-54170.34325830764,[0.13202733432037264]
-18880.396800814255,0.19798469226731075,0.11111547135655078,Consensus_Selection,10.720662589893077,661.8617672047388,-47.4213633254284,-1483.1806775497387,"[0.11111547135655078, 0.15768354372886875]"
-18880.396800814255,0.20236359667772197,0.2122891950558073,Consensus_Selection,10.842080877942013,654.0950723329181,-72.4997671977917,-3817.5604578487705,"[0.2122891950558073, 0.08388591525969977]"
-18880.396800814255,0.20679039782677155,0.20093800512427656,Consensus_Selection,10.96520008461838,656.562855979281,-62.663108372631065,476.8059263255552,"[0.20093800512427656, 0.08761089133834253]"
-18880.396800814255,0.21126509571445948,0.08894326656792428,Consensus_Selection,11.090528730122939,657.4583745007589,-56.413495322355715,-1171.337689933742,"[0.08894326656792428, 0.19814072310435635]"
-18880.396800814255,0.21578769034078563,0.09066420781295033,Consensus_Selection,11.184114700762247,658.1672898945109,-54.934716619352166,-60467.04382048003,"[0.09066420781295033, 0.19583314825101983]"
-18880.396800814255,0.22035818170575036,0.25916232704135195,Consensus_Selection,11.310712243576672,646.5037173281182,-103.15327217517856,-8660.768453882683,"[0.25916232704135195, 0.06855826047137258]"
-18880.396800814255,0.22497656980935324,0.22952174626452426,Consensus_Selection,11.440784917477336,652.7692112859023,-64.30215745557886,-33154.37965359956,"[0.22952174626452426, 0.07873681695274433]"
-18880.396800814255,0.22964285465159456,0.22516772683937727,Consensus_Selection,11.570337160834784,653.9763937626165,-65.16050178581372,-36769.384868535475,"[0.22516772683937727, 0.0801291169113635]"
-18880.396800814255,0.23435703623247425,0.25498121091646864,Consensus_Selection,11.704527359602698,648.6113710171315,-92.0104411862521,1858.512860876574,"[0.25498121091646864, 0.0701825094306924]"
-18880.396800814255,0.23911911455199228,0.2614031840301847,Consensus_Selection,11.838187450433114,647.7875580769156,-88.6374965187391,-4893.638183883019,"[0.2614031840301847, 0.0681238533709442]"
-18880.396800814255,0.24392908961014867,0.23410151055866216,Consensus_Selection,11.974028310587423,653.6004557797905,-65.78741053854624,-113.18881187809285,"[0.23410151055866216, 0.0773898813754838]"
-18880.396800814255,0.24878696140694342,0.07889915143514199,Consensus_Selection,12.112558346037721,654.8673582700917,-60.32476303915306,-7639.546532353185,"[0.07889915143514199, 0.22993047312405165]"
-18880.396800814255,0.2536927299423765,0.23684139582346025,Consensus_Selection,12.251455775997313,653.975033496289,-64.5355372123543,911.6015392790379,"[0.23684139582346025, 0.07670788074920847]"
-18880.396800814255,0.25864639521644783,0.24641213177603016,Consensus_Selection,12.393623068952168,652.558662623382,-68.30687795723001,517.389501046101,"[0.24641213177603016, 0.0737393772212088]"
-18880.396800814255,0.2636479572291576,0.24329262021486522,Consensus_Selection,12.537498785913106,653.6430044386241,-64.83894440690491,1211.9053659567346,"[0.24329262021486522, 0.07497908397621994]"
-18880.396800814255,0.2686974159805058,0.0744283245665018,Consensus_Selection,12.683015989485941,653.6512964685764,-56.359884411465465,1671.9461121973668,"[0.0744283245665018, 0.2458518074066329]"
-18880.396800814255,0.2737947714704923,0.2647182049755519,Consensus_Selection,12.830115654708457,650.4658392364623,-72.40028098833031,969.0100984942449,"[0.2647182049755519, 0.06861073626077159]"
-18880.396800814255,0.278940023699117,0.2657780812341906,Consensus_Selection,12.979673429718773,650.7912569696447,-65.89921471149287,1194.275402797501,"[0.2657780812341906, 0.06864832686128312]"
-18880.396800814255,0.28413317266638033,0.2899916212794413,Consensus_Selection,13.130325928677049,646.4963200514568,-80.81659794400387,-611.5431485978073,"[0.2899916212794413, 0.06331888616297258]"
-18880.396800814255,0.2893742183722819,0.28015429866211805,Consensus_Selection,13.282472396888176,649.0027375195997,-66.84380622315304,250.92836475325612,"[0.28015429866211805, 0.06529744509957038]"
-18880.396800814255,0.2946631608168217,0.06660177622394581,Consensus_Selection,13.436321288996105,650.4046374301697,-60.21491225557353,-655.894428659472,"[0.06660177622394581, 0.2758767672130178]"
-18880.396800814255,0.29999999999999993,0.29223524748668117,Consensus_Selection,13.59289076895236,647.6966134076793,-69.4931189449695,-2666.247517923906,"[0.29223524748668117, 0.06310097037324572]"
-59705.057018329455,0.003999999999999999,0.006340184811199028,Unique_Solution,5.154611923921123,514.1486078346541,-103.85178969066277,3833.02682561613,[0.006340184811199028]
-59705.057018329455,0.004642958796619732,-0.0047471785047656315,Nearest_Fallback,5.1655791493166525,467.4581980521353,-473.42538105360336,3765.141845988907,[-0.0047471785047656315]
-59705.057018329455,0.005333814331877817,0.015268095748399449,Unique_Solution,5.201490994051142,545.0495407547807,36.645913610916494,1787.358819891365,[0.015268095748399449]
-59705.057018329455,0.006072566605774254,0.00873092878885021,Unique_Solution,5.2184715123407655,523.2636522757238,-108.94295929914276,53165.37421750422,[0.00873092878885021]
-59705.057018329455,0.006859215618309043,0.0063313076970258775,Unique_Solution,5.238758598271311,514.276134287828,-155.23155883356404,1492.0925657913729,[0.0063313076970258775]
-59705.057018329455,0.007693761369482185,0.008905412234969727,Unique_Solution,5.272368121959566,524.0230512900309,-150.39166407670743,13173.779033826653,[0.008905412234969727]
-59705.057018329455,0.008576203859293679,0.011782134024666931,Unique_Solution,5.300503499908678,534.4321911377344,-85.84347940731381,9153.289103238585,[0.011782134024666931]
-59705.057018329455,0.009506543087743522,0.00788745541214897,Unique_Solution,5.324166909950195,520.2930052120232,-190.7710165060071,3190.756535902545,[0.00788745541214897]
-59705.057018329455,0.010484779054831722,0.013852960171724986,Unique_Solution,5.357850802369529,540.9514819073672,-85.99033613358336,8435.423397583738,[0.013852960171724986]
-59705.057018329455,0.01151091176055827,0.011999290987525358,Unique_Solution,5.391356215960131,535.2429860547238,-146.0131476136344,-7551.884531947788,[0.011999290987525358]
-59705.057018329455,0.012584941204923174,0.015214749226360253,Unique_Solution,5.422814507388499,545.243871719109,-115.39757999625517,18389.633516857997,[0.015214749226360253]
-59705.057018329455,0.01370686738792643,0.01824580197101948,Unique_Solution,5.462141884701959,554.6280361308911,-68.14154065044958,3087.2761654824512,[0.01824580197101948]
-59705.057018329455,0.014876690309568036,0.009557709223028947,Unique_Solution,5.497085944164891,526.9064443261502,-278.5971239463171,2962.1881796795724,[0.009557709223028947]
-59705.057018329455,0.01609440996984799,0.033045972755978474,Unique_Solution,5.5347660908718925,590.7102621501355,76.64619313180079,-664.0887631086185,[0.033045972755978474]
-59705.057018329455,0.017360026368766306,0.018745192832315887,Unique_Solution,5.572652485599967,556.3444810934868,-88.72277764251685,3026.3780675936964,[0.018745192832315887]
-59705.057018329455,0.018673539506322973,0.03268743750702248,Unique_Solution,5.612872245798119,589.8856709178465,84.47650524375999,13226.575593227906,[0.03268743750702248]
-59705.057018329455,0.02003494938251798,0.019368182947285494,Unique_Solution,5.654488686882726,558.3725285746494,-128.33478335622902,5708.509907712694,[0.019368182947285494]
-59705.057018329455,0.02144425599735135,0.02676492833576881,Unique_Solution,5.700532244120474,576.3629233315539,-24.659441814605284,58130.98379116755,[0.02676492833576881]
-59705.057018329455,0.022901459350823064,0.012836833146828019,Unique_Solution,5.742993537603993,538.379838750382,-271.1903333768746,-8490.262872042078,[0.012836833146828019]
-59705.057018329455,0.024406559442933143,0.016572327457121762,Unique_Solution,5.790202834184894,550.1058478312154,-241.55374588574497,-2648.8539422837566,[0.016572327457121762]
-59705.057018329455,0.025959556273681562,0.03125799550693901,Unique_Solution,5.839854176394972,587.0919185873959,-78.50270968930442,1433.371426025104,[0.03125799550693901]
-59705.057018329455,0.02756044984306834,0.04274257487259072,Unique_Solution,5.886984846150467,607.8420119337878,44.474251378695584,-1650.2166990655571,[0.04274257487259072]
-59705.057018329455,0.029209240151093475,0.022683611249891746,Unique_Solution,5.937858549199274,567.1175190909224,-218.88361851978416,6200.469470614651,[0.022683611249891746]
-59705.057018329455,0.030905927197756953,0.022521085516357144,Unique_Solution,5.9905062898015995,566.7436058597846,-210.87421999765263,2462.928007243368,[0.022521085516357144]
-59705.057018329455,0.03265051098305878,0.029272495553721186,Unique_Solution,6.041917834026441,582.8075764414211,-127.34389317591851,1958.6944158195022,[0.029272495553721186]
-59705.057018329455,0.03444299150699897,0.03238113123872742,Unique_Solution,6.095905039101612,590.36299069747,-77.74336700488087,4331.737834528023,[0.03238113123872742]
-59705.057018329455,0.0362833687695775,0.03521194399110642,Unique_Solution,6.154169228516685,595.4112604245475,-102.75086438467783,5134.127828455927,[0.03521194399110642]
-59705.057018329455,0.0381716427707944,0.061688367072219336,Consensus_Selection,6.209210747905439,630.8509474321318,61.117830128623986,3806.921604768993,"[0.061688367072219336, 0.2708691081778213]"
-59705.057018329455,0.04010781351064963,0.02634775159555936,Unique_Solution,6.269086717580488,576.9539408490208,-303.7401840143976,2039.9373531162116,[0.02634775159555936]
-59705.057018329455,0.04209188098914323,0.13986303318811816,Nearest_Fallback,6.329096365005882,654.7231507747967,143.4440281098339,3448.482664849312,[0.13986303318811816]
-59705.057018329455,0.044123845206275186,0.05124183102702062,Consensus_Selection,6.3878452288412735,620.2753882140928,-14.533107369829121,1345.8901117859514,"[0.05124183102702062, 0.3286226233998471]"
-59705.057018329455,0.04620370616204548,0.03767179999033626,Unique_Solution,6.452378831698057,599.4126752758714,-153.6387063658309,8092.335760352573,[0.03767179999033626]
-59705.057018329455,0.04833146385645412,0.06328001115785827,Consensus_Selection,6.518087254084652,632.8576575029807,18.036455999944142,2168.482815136929,"[0.06328001115785827, 0.26378438812781047]"
-59705.057018329455,0.050507118289501135,0.04227713835370581,Unique_Solution,6.581483802251317,607.2497199037874,-156.9018158520127,843.7949461007893,[0.04227713835370581]
-59705.057018329455,0.05273066946118648,0.07638319570877128,Consensus_Selection,6.646826090978835,641.2850618628585,21.815522116878928,6168.175023632174,"[0.07638319570877128, 0.22215397872391832]"
-59705.057018329455,0.05500211737151018,0.06542531491181189,Consensus_Selection,6.712275621951554,635.1081702208644,-40.33728664062969,1809.4135450928122,"[0.06542531491181189, 0.2544378920766934]"
-59705.057018329455,0.05732146202047223,0.06328868487712863,Consensus_Selection,6.783326015398849,633.2661203104512,-60.97269334735527,26166.625776205598,"[0.06328868487712863, 0.2645119312877435]"
-59705.057018329455,0.05968870340807267,0.07490708190549994,Consensus_Selection,6.8501313617193516,640.8783872735019,-11.05589334442915,-5355.68993450816,"[0.07490708190549994, 0.22654773615533885]"
-59705.057018329455,0.06210384153431142,0.06687321860710763,Consensus_Selection,6.921426392873385,636.5197701636138,-47.74495176771251,5575.121200990179,"[0.06687321860710763, 0.24959591570800632]"
-59705.057018329455,0.06456687639918854,0.07644847259794188,Consensus_Selection,6.994204492151088,642.186175668108,-27.57480945727123,2116.948938354862,"[0.07644847259794188, 0.2213530688220202]"
-59705.057018329455,0.067077808002704,0.2505440937691896,Consensus_Selection,7.0667081457764915,636.6564309401947,-91.1068481704436,1705.2009528628666,"[0.2505440937691896, 0.06661784909729707]"
-59705.057018329455,0.06963663634485784,0.2986182320184618,Consensus_Selection,7.1424381169504425,627.4260206840062,-131.27158174247262,16.514265570663678,"[0.2986182320184618, 0.057582136741948516]"
-59705.057018329455,0.07224336142565002,0.16845084890681267,Nearest_Fallback,7.217239218578106,660.780618048695,28.644793378864268,2725.788359485858,[0.16845084890681267]
-59705.057018329455,0.07489798324508051,0.28762455107910234,Consensus_Selection,7.2933005411692,629.9005756510132,-130.54397479126706,-1776.709562015413,"[0.28762455107910234, 0.05975547884289165]"
-59705.057018329455,0.07760050180314944,0.07707544836209036,Consensus_Selection,7.369564797909571,643.2165684816171,-53.53794010908653,2141.6600821443467,"[0.07707544836209036, 0.22048006471656725]"
-59705.057018329455,0.08035091709985664,0.26668633528203967,Consensus_Selection,7.451372184491224,634.3450635867396,-108.6001208094946,545.448605461312,"[0.26668633528203967, 0.06361863967615168]"
-59705.057018329455,0.0831492291352022,0.09959057402542354,Consensus_Selection,7.530760563985672,652.2506340574047,-34.44139075846175,2583.846787315822,"[0.09959057402542354, 0.17020387104097184]"
-59705.057018329455,0.08599543790918614,0.0857510510516909,Consensus_Selection,7.612097019309901,648.3305703662986,-67.85557683614002,-418.182466800658,"[0.0857510510516909, 0.19620512832222037]"
-59705.057018329455,0.08888954342180844,0.23773662656920683,Consensus_Selection,7.694585024028055,640.6545091052515,-113.71885968755791,78.55549656984063,"[0.23773662656920683, 0.0719296425921579]"
-59705.057018329455,0.09183154567306907,0.18953605348775135,Consensus_Selection,7.776235778193036,649.7668850182362,-73.04948830400434,2143.2484845529584,"[0.18953605348775135, 0.08786654120769452]"
-59705.057018329455,0.09482144466296805,0.20582364522230662,Consensus_Selection,7.8624462079649735,647.1169819544632,-78.84644927966465,-1382.769911838204,"[0.20582364522230662, 0.08294189088645569]"
-59705.057018329455,0.0978592403915054,0.24267819657714915,Consensus_Selection,7.945600048790967,640.2884859552282,-113.6022221510337,1745.038888083006,"[0.24267819657714915, 0.07069392030093005]"
-59705.057018329455,0.10094493285868106,0.1166671162951916,Consensus_Selection,8.033749406355941,655.9675925965043,-56.832386133013124,6894.316019991653,"[0.1166671162951916, 0.14490020497900902]"
-59705.057018329455,0.10407852206449512,0.14679664147200433,Nearest_Fallback,8.125849516837702,660.2471705780567,-39.99433214111543,1853.0552905424706,[0.14679664147200433]
-59705.057018329455,0.10726000800894753,0.053034020641303706,Nearest_Fallback,8.214316904307475,669.1723102519777,13.962716551709322,-9077.076431576495,[0.053034020641303706]
-59705.057018329455,0.11048939069203828,0.18948984437375954,Consensus_Selection,8.304880212360699,651.0335869508455,-73.68824320647921,1399.8279271150077,"[0.18948984437375954, 0.08845959269630924]"
-59705.057018329455,0.1137666701137674,0.14055280372078333,Nearest_Fallback,8.395933298403342,664.1148862419136,-25.706754468996166,26917.02697925335,[0.14055280372078333]
-59705.057018329455,0.11709184627413487,0.16545000666244875,Consensus_Selection,8.487660816333067,655.19654847934,-78.95722626098971,-1687.1144229289666,"[0.16545000666244875, 0.10412709454869724]"
-59705.057018329455,0.12046491917314069,0.08362342069231296,Nearest_Fallback,8.58130208272812,668.0978160160448,-8.288562587947041,-1104.3038380126427,[0.08362342069231296]
-59705.057018329455,0.12388588881078477,0.20336450072559104,Consensus_Selection,8.67657773319464,649.6153594278948,-97.14964288517366,2975.96028765231,"[0.20336450072559104, 0.08440762523638544]"
-59705.057018329455,0.12735475518706738,0.14232609836441518,Consensus_Selection,8.772944351066128,657.9531783301929,-64.2546028353136,-686.2150834796039,"[0.14232609836441518, 0.12346669877080474]"
-59705.057018329455,0.13087151830198818,0.19298117658367994,Consensus_Selection,8.869464958090777,651.9310925760311,-93.69079724843789,1980.209792774635,"[0.19298117658367994, 0.08776636488934134]"
-59705.057018329455,0.1344361781555474,0.0427221478749492,Nearest_Fallback,8.966837947350347,670.0252353936004,-11.280878064467439,-9485.827744054921,[0.0427221478749492]
-59705.057018329455,0.13804873474774498,0.1343300133030526,Nearest_Fallback,9.067502275114864,659.3592243087762,-58.55166776935997,1877.800306831159,[0.1343300133030526]
-59705.057018329455,0.1417091880785809,0.13564060277259415,Nearest_Fallback,9.167963014591399,660.4953409437619,-58.14010790307294,-4701.067623905355,[0.13564060277259415]
-59705.057018329455,0.1454175381480552,0.13613821910298682,Nearest_Fallback,9.269372155700125,661.1173542158815,-61.3108652353146,75.12666412563316,[0.13613821910298682]
-59705.057018329455,0.14917378495616782,0.11207226256774278,Consensus_Selection,9.373213525020047,658.7484056152643,-56.170368715348836,1843.9431603944513,"[0.11207226256774278, 0.15041650115034227]"
-59705.057018329455,0.1529779285029188,0.18841683670689097,Consensus_Selection,9.47768368954261,654.2401693731047,-83.05742432814684,514.0818418696902,"[0.18841683670689097, 0.0917638753314773]"
-59705.057018329455,0.15682996878830807,0.1366078431916976,Nearest_Fallback,9.583699640807705,662.255739432964,-49.82262591450595,-39001.576220216346,[0.1366078431916976]
-59705.057018329455,0.16072990581233576,0.1997837628388336,Consensus_Selection,9.68995208460917,653.0357218865898,-94.83584938205071,-432.689368940246,"[0.1997837628388336, 0.08609659314608563]"
-59705.057018329455,0.1646777395750018,0.1885216128005705,Consensus_Selection,9.799028828113299,655.1550922506894,-85.91196130089831,574.5261462559793,"[0.1885216128005705, 0.09252202560500049]"
-59705.057018329455,0.1686734700763062,0.19210755694411455,Consensus_Selection,9.908583061755118,654.9316788925805,-85.43896189392463,1366.2327737196974,"[0.19210755694411455, 0.09098536768837932]"
-59705.057018329455,0.17271709731624887,0.17187239950241218,Consensus_Selection,10.019779442417489,658.272988991034,-63.10315140611238,1296.80919888119,"[0.17187239950241218, 0.1020228015786967]"
-59705.057018329455,0.17680862129483005,0.19303800047074804,Consensus_Selection,10.132581754467695,655.4481354871496,-82.92322186620093,-1096.4646248122233,"[0.19303800047074804, 0.09127636079121233]"
-59705.057018329455,0.1809480420120495,0.18841336502177322,Consensus_Selection,10.246761252547508,656.4842764419957,-75.37335136439258,-212.33536024024275,"[0.18841336502177322, 0.0936524367886322]"
-59705.057018329455,0.1851353594679072,0.20091108894352186,Consensus_Selection,10.362218562697805,654.7626841902892,-75.11601452648372,-576.6241776950617,"[0.20091108894352186, 0.086543609817284]"
-59705.057018329455,0.1893705736624034,0.1945681662063413,Consensus_Selection,10.480331545566187,656.2773247243554,-72.98320461429077,795.7271670823042,"[0.1945681662063413, 0.09032741645464702]"
-59705.057018329455,0.1936536845955379,0.09780298974637304,Consensus_Selection,10.598907372806837,658.6786487096651,-59.24746917360014,1407.835702184694,"[0.09780298974637304, 0.1806042215615641]"
-59705.057018329455,0.19798469226731075,0.19378956258112676,Consensus_Selection,10.7201047416199,657.1139795767509,-63.754124795943724,905.0153016250205,"[0.19378956258112676, 0.090764016575151]"
-59705.057018329455,0.20236359667772197,0.21109812061538025,Consensus_Selection,10.84169201677957,654.3139569504829,-70.61738704676215,-21148.719339470546,"[0.21109812061538025, 0.08426707583529656]"
-59705.057018329455,0.20679039782677155,0.20173234788862213,Consensus_Selection,10.965487471820587,656.4177347946481,-62.626984821513965,346.0063350435092,"[0.20173234788862213, 0.08735746469599136]"
-59705.057018329455,0.21126509571445948,0.0996404603203454,Consensus_Selection,11.091224662294145,660.4145010449904,-48.13387131766468,122.32374870541197,"[0.0996404603203454, 0.17866829704665413]"
-59705.057018329455,0.21578769034078563,0.20777854358262465,Consensus_Selection,11.184535220654293,655.9730729066961,-67.54028198724438,-4014.764553470294,"[0.20777854358262465, 0.08558731345442021]"
-59705.057018329455,0.22035818170575036,0.2344508641833647,Consensus_Selection,11.311514858875073,651.3915436265887,-84.88994453599076,-275.662325316905,"[0.2344508641833647, 0.07704675364281063]"
-59705.057018329455,0.22497656980935324,0.25638899007063265,Consensus_Selection,11.441158705121774,647.4713663249339,-100.91811349595638,220.35121216662895,"[0.25638899007063265, 0.06954033143257186]"
-59705.057018329455,0.22964285465159456,0.22891727851994884,Consensus_Selection,11.57141692167236,653.2876324525369,-72.52394811427196,1527.4114845788226,"[0.22891727851994884, 0.0789264790032873]"
-59705.057018329455,0.23435703623247425,0.23285291551837897,Consensus_Selection,11.704057141905546,652.9630753783434,-72.53795418375962,1730.912605932184,"[0.23285291551837897, 0.0776427135256464]"
-59705.057018329455,0.23911911455199228,0.2287620072190569,Consensus_Selection,11.838218674940645,654.1617129262295,-64.54987476373451,1130.230719042199,"[0.2287620072190569, 0.07902736600035193]"
-59705.057018329455,0.24392908961014867,0.08181530333713813,Consensus_Selection,11.974680869468525,656.1851356042214,-54.159508853679796,-2649.8856069631593,"[0.08181530333713813, 0.22026850179929272]"
-59705.057018329455,0.24878696140694342,0.2456804664438133,Consensus_Selection,12.112448751238073,651.7796946741188,-72.7340374786494,-1073.4426887249479,"[0.2456804664438133, 0.07360952012608961]"
-59705.057018329455,0.2536927299423765,0.24417595038760434,Consensus_Selection,12.251583900285382,652.5334872187867,-67.15352860714351,-168.85900739859116,"[0.24417595038760434, 0.07425226053805685]"
-59705.057018329455,0.25864639521644783,0.25260287852243013,Consensus_Selection,12.393599070958633,651.3388452569451,-70.39572202224534,277.2609199545121,"[0.25260287852243013, 0.0717177440363911]"
-59705.057018329455,0.2636479572291576,0.2628483556184202,Consensus_Selection,12.537476150929852,649.7899392141775,-75.2718832739036,488.17143021301416,"[0.2628483556184202, 0.06859309863674332]"
-59705.057018329455,0.2686974159805058,0.2769740230330057,Consensus_Selection,12.682670814844748,647.5092177424698,-80.81926945580099,83.30883594195832,"[0.2769740230330057, 0.06569669635602336]"
-59705.057018329455,0.2737947714704923,0.07089178057223673,Consensus_Selection,12.829784183066458,651.9076115879251,-61.376226183568136,146.46780666728014,"[0.07089178057223673, 0.2573814593853258]"
-59705.057018329455,0.278940023699117,0.2742975875489506,Consensus_Selection,12.97868962500638,649.0916394257416,-73.7123908447754,-872.724404983383,"[0.2742975875489506, 0.06634300019824806]"
-59705.057018329455,0.28413317266638033,0.2923605558116193,Consensus_Selection,13.129789234803013,646.0232895180584,-82.40497781874932,661.6079378981955,"[0.2923605558116193, 0.0628581325313027]"
-59705.057018329455,0.2893742183722819,0.29163168948924423,Consensus_Selection,13.282492775624132,646.7101863661892,-81.7932665829099,-697.6778162731304,"[0.29163168948924423, 0.06305626814175118]"
-59705.057018329455,0.2946631608168217,0.299044959238895,Consensus_Selection,13.436854901276574,645.7786599050495,-84.40964749220791,-1337.7841463248365,"[0.299044959238895, 0.06167804522205991]"
-59705.057018329455,0.29999999999999993,0.30407024025972307,Consensus_Selection,13.592568933704293,645.3315291216336,-80.9608043564874,539.8622286843558,"[0.30407024025972307, 0.06083992308639201]"
